[
	{
		"name": "Toofan",
		"email": "Toofan.P@unknownmail.com",
        "type": "Luxury",
		"status": "Active",
		"TripStatus": "Available",
		"location": {
			"type": "Point",
			"coordinates": [
				28.65195,
				77.23149
			]
		}
	},
	{
		"name": "Yash",
		"email": "Yash.P@unknownmail.com",
        "type": "Basic",
		"status": "Active",
		"TripStatus": "Available",
		"location": {
			"type": "Point",
			"coordinates": [
				28.65199,
				77.23179
			]
		}
	},
	{
		"name": "Vimaan",
		"email": "Vimaan.P@unknownmail.com",
        "type": "Basic",
		"status": "Active",
		"TripStatus": "Available",
		"location": {
			"type": "Point",
			"coordinates": [
				28.61123,
				77.23163
			]
		}
	},
	{
		"name": "Pavan",
		"email": "Pavan.P@unknownmail.com",
        "type": "Deluxe",
		"status": "Active",
		"TripStatus": "Booked",
		"location": {
			"type": "Point",
			"coordinates": [
				28.66542,
				77.23154
			]
		}
	},
	{
		"name": "Mike",
		"email": "Mike.P@unknownmail.com",
        "type": "Luxury",
		"status": "Active",
		"TripStatus": "Booked",
		"location": {
			"type": "Point",
			"coordinates": [
				28.65155,
				77.23139
			]
		}
	}
]