[
	{
		"name": "Mohan",
		"email": "Mohan.P@unknownmail.com",
		"status": "Active",
		"location": {
			"type": "Point",
			"coordinates": [
				28.64454,
				77.23098
			]
		}
	},
	{
		"name": "Isaac",
		"email": "Isaac.P@unknownmail.com",
		"status": "InActive",
		"location": {
			"type": "Point",
			"coordinates": [
				28.67676,
				77.23156
			]
		}
	},
	{
		"name": "Amir",
		"email": "Amir.P@unknownmail.com",
		"status": "Active",
		"location": {
			"type": "Point",
			"coordinates": [
				28.65213,
				77.23121
			]
		}
	},
	{
		"name": "Ashok",
		"email": "Ashok.P@unknownmail.com",
		"status": "InActive",
		"location": {
			"type": "Point",
			"coordinates": [
				28.66132,
				77.23176
			]
		}
	},
	{
		"name": "Leonard",
		"email": "Leonard.P@unknownmail.com",
		"status": "Active",
		"location": {
			"type": "Point",
			"coordinates": [
				28.67423,
				77.23172
			]
		}
	}
]